Workbook

Sheet Backlog
A1: Product Backlog
A2: Версия документа: v.1.2
A3: Дата: 10.02.2026г.
A5: ID | B5: Epic | C5: User Story | D5: MoSCoW | E5: RICE | F5: Status
A6: US-01 | B6: Приём и обработка заявок (MVP) | C6: Как Клиент Я хочу видеть только доступные даты при оформлении заказа | D6: Must | E6: =RICE!P3 -> 72 | F6: На доработке
A7: US-02 | B7: Приём и обработка заявок (MVP) | C7: Как Менеджер Я хочу просматривать карточку заказа в панели управления | D7: Must | E7: =RICE!P5 -> 14 | F7: На доработке
A8: US-03 | B8: Приём и обработка заявок (MVP) | C8: Как Менеджер Я хочу редактировать карточку заказа | D8: Must | E8: =RICE!P6 -> 14 | F8: На доработке
A9: US-04 | B9: Приём и обработка заявок (MVP) | C9: Как Менеджер Я хочу просматривать и фильтровать статусы заказов | D9: Must | E9: =RICE!P7 -> 14 | F9: На доработке
A10: US-05 | B10: Приём и обработка заявок (MVP) | C10: Как Менеджер Я хочу получить уведомление о новом событии | D10: Must | E10: =RICE!P8 -> 28 | F10: На доработке
A11: US-06 | B11: Приём и обработка заявок (MVP) | C11: Как Менеджер Я хочу самостоятельно открывать и закрывать даты в календаре | D11: Must | E11: =RICE!P4 -> 72 | F11: На доработке
A12: US-07 | B12: Новый сайт, надёжность, аналитика и UX (Full) | C12: Как Клиент Я хочу добавить товар в корзину | D12: Should | E12: =RICE!P9 -> 21 | F12: На доработке
A13: US-08 | B13: Новый сайт, надёжность, аналитика и UX (Full) | C13: Как Клиент Я хочу изменить количество товаров в корзине | D13: Should | E13: =RICE!P10 -> 17.5 | F13: На доработке
A14: US-09 | B14: Новый сайт, надёжность, аналитика и UX (Full) | C14: Как Клиент Я хочу удалить товар из корзины | D14: Should | E14: =RICE!P11 -> 10.5 | F14: На доработке
A15: US-10 | B15: Новый сайт, надёжность, аналитика и UX (Full) | C15: Как Клиент Я хочу оформить, оплатить заказ и получить подтверждение | D15: Should | E15: =RICE!P12 -> 21 | F15: На доработке
A16: US-11 | B16: Новый сайт, надёжность, аналитика и UX (Full) | C16: Как Клиент Я хочу личный кабинет с историей заказов и документами | D16: Should | E16: =RICE!P13 -> 20 | F16: На доработке
A17: US-12 | B17: Новый сайт, надёжность, аналитика и UX (Full) | C17: Как Директор Я хочу блок аналитики в единой системе управления заказами с графиками загрузки по датам и выручки | D17: Could | E17: =RICE!P14 -> 0.4 | F17: На доработке

Sheet RICE
A1: ID | B1: Фича | C1: Покрытие US | E1: Rought effort estimates | J1: RICE
E2: T-shirt sizing | F2: O (ч) | G2: M(ч) | H2: P(ч) | I2: Expected = (O + 4M + P) / 6 (ч) | J2: Reach (users / months) | K2: Impact | L2: Confidence | M2: Effort (weeks) | N2: RICE = (R x I x C) / E | O2: Вес US в фиче | P2: RICE US
A3: F-01 | B3: Управление календарём и доступностью | C3: US-01 | D3: Просмотр только доступных дат | E3: L | F3: 80 | G3: =(F3+H3)/2 -> 100 | H3: 120 | I3: =(F3+4*G3+H3)/6 -> 100 | J3: 300 | K3: 2 | L3: 0.6 | M3: =I3/40 -> 2.5 | N3: =J3*K3*L3/M3 -> 144 | O3: 0.5 | P3: =N$3*O3 -> 72
C4: US-06 | D4: Устранение админа сайта из процессов | O4: 0.5 | P4: =N$3*O4 -> 72
A5: F-02 | B5: Работа менеджера с заказами | C5: US-02 | D5: Просмотр карточки заказа | E5: L | F5: 80 | G5: =(F5+H5)/2 -> 120 | H5: 160 | I5: =(F5+4*G5+H5)/6 -> 120 | J5: 100 | K5: 3 | L5: 0.7 | M5: =I5/40 -> 3 | N5: =J5*K5*L5/M5 -> 70 | O5: 0.2 | P5: =N$5*O5 -> 14
C6: US-03 | D6: Редактирование карточки заказа | O6: 0.2 | P6: =N$5*O6 -> 14
C7: US-04 | D7: Просмотр и фильтрация статусов заказов | O7: 0.2 | P7: =N$5*O7 -> 14
C8: US-05 | D8: Получение уведомлений о событиях | O8: 0.4 | P8: =N$5*O8 -> 28
A9: F-03 | B9: Формирование заказа клиентом | C9: US-07 | D9: Добавление товара в корзину | E9: L | F9: 80 | G9: =(F9+H9)/2 -> 120 | H9: 160 | I9: =(F9+4*G9+H9)/6 -> 120 | J9: 300 | K9: 1 | L9: 0.7 | M9: =I9/8/5 -> 3 | N9: =J9*K9*L9/M9 -> 70 | O9: 0.3 | P9: =N$9*O9 -> 21
C10: US-08 | D10: Изменение количества товаров в корзине | O10: 0.25 | P10: =N$9*O10 -> 17.5
C11: US-09 | D11: Удаление товара из корзины | O11: 0.15 | P11: =N$9*O11 -> 10.5
C12: US-10 | D12: Получение подтверждения заказа | O12: 0.3 | P12: =N$9*O12 -> 21
A13: F-04 | B13: Личный кабинет клиента (Full) | C13: US-11 | D13: Личный кабинет клиента | E13: L | F13: 80 | G13: =(F13+H13)/2 -> 120 | H13: 160 | I13: =(F13+4*G13+H13)/6 -> 120 | J13: 150 | K13: 0.5 | L13: 0.8 | M13: =I13/40 -> 3 | N13: =J13*K13*L13/M13 -> 20 | O13: 1 | P13: =N13 -> 20
A14: F-05 | B14: Аналитика (Full) | C14: US-12 | D14: Блок аналитики | E14: XL | F14: 160 | G14: =(F14+H14)/2 -> 200 | H14: 240 | I14: =(F14+4*G14+H14)/6 -> 200 | J14: 5 | K14: 0.5 | L14: 0.8 | M14: =I14/40 -> 5 | N14: =J14*K14*L14/M14 -> 0.4 | O14: 1 | P14: =N14 -> 0.4
B17: O - оптимистичная (min) | E17: Reach — сколько пользователей/событий затронет фича за выбранный период (кол-во людей или транзакций).
B18: M - наиболее вероятная
B19: P - пессимистичная (max) | E19: Impact — насколько сильно повлияет на ключевую метрику
B21: XS: 1-4 часа | E21: Confidence — уверенность в оценках (0..1).
B22: S: 4-16 ч | C22: (0,5-3 раб.дн.)
B23: M: 24-80 ч | C23: (3-10 раб.дн.) | E23: Effort — усилия в человеко-неделях / человеко-неделях (или человеко-неделях/человеко-часах — один формат).
B24: L: 80-160 ч | C24: (10-20 раб.дн.)
B25: XL: 160-240 ч | C25: (20-30 раб.дн.)
A28: На основании RICE приоритет MVP — реализация формирования заказа и управления календарём.
A29: Функции аналитики и личного кабинета относятся к этапу Full.

Sheet RTM (матрица трассировки)
A1: Requrements Traceability Matrix
A2: US | B2: Feature | C2: UC | D2: FR | E2: NFR
A3: US-01 | B3: F-01 | C3: UC-01 | D3: FR-04 | E3: NFR-02, NFR-03
A4: US-02 | B4: F-02 | C4: UC-04, UC-2 | D4: FR-01 | E4: NFR-01, NFR-02, NFR-05, NFR-07
A5: US-03 | B5: F-02 | C5: UC-04, UC-2 | D5: FR-01 | E5: NFR-01, NFR-02, NFR-05, NFR-07
A6: US-04 | B6: F-02 | C6: UC-04, UC-2 | D6: FR-03 | E6: NFR-05
A7: US-05 | B7: F-02 | C7: UC-04, UC-2 | D7: FR-02 | E7: NFR-03, NFR-05, NFR-06
A8: US-06 | B8: F-01 | C8: UC-01 | D8: FR-04 | E8: NFR-02
A9: US-07 | B9: F-03 | C9: UC-03 | D9: FR-07 | E9: NFR-02, NFR-04, NFR-05
A10: US-08 | B10: F-03 | C10: UC-03 | D10: FR-07 | E10: NFR-02, NFR-04, NFR-05
A11: US-09 | B11: F-03 | C11: UC-03 | D11: FR-07 | E11: NFR-02, NFR-04, NFR-05
A12: US-10 | B12: F-03 | C12: UC-03 | D12: FR-02 | E12: NFR-06
A13: US-11 | B13: F-04 | C13: UC-05 | D13: FR-08 | E13: NFR-01, NFR-05
A14: US-12 | B14: F-05 | C14: UC-06 | D14: FR-09 | E14: NFR-01, NFR-03, NFR-07
